id,speaker,text
1,,"...hello? can you hear me?"
2,,"good. breath slow. count with me. one... two... you feel heavy now."
3,,"we go back. not dream. not movie. the real house."
4,Doctor,"I already bring you back to that place."
5,Doctor,"But time is limited. my power cannot hold long."
6,Doctor,"I cannot show you everything. ability... is limited."
7,Doctor,"Rest of case details — you must restore them yourself."
8,,"...okay. I get it. I have to put the pieces back."
9,,"Click when ready. The house is waiting."
